<?xml version="1.0" encoding="UTF-8"?>
<addon
  id="pvr.njoy"
  version="1.10.7"
  name="Njoy N7 PVR Client"
  provider-name="Team XBMC">
  <requires>
    <c-pluff version="0.1"/>
    <import addon="xbmc.pvr" version="1.9.6"/>
  </requires>
  <extension
    point="xbmc.pvrclient"
    library_linux="pvr.njoy.so"
    library_osx="pvr.njoy.dylib"
    library_freebsd="pvr.njoy.so"
    library_windx="pvr.njoy.dll"
    library_android="libpvr.njoy.so"/>
  <extension point="xbmc.addon.metadata">
    <summary lang="am_ET">Njoy N7 PVR Client</summary>
    <summary lang="bg_BG">Njoy N7 ПВР клиент</summary>
    <summary lang="ca_ES">Client PVR Njoy N7</summary>
    <summary lang="cs_CZ">Klient PVR Njoy N7</summary>
    <summary lang="cy_GB">Rhaglen Rhaglenni Njoy N7</summary>
    <summary lang="da_DK">Njoy N7 PVR Klient</summary>
    <summary lang="de_DE">Njoy N7 PVR Client</summary>
    <summary lang="el_GR">Πελάτης PVR του Njoy N7</summary>
    <summary lang="en_AU">Njoy N7 PVR Client</summary>
    <summary lang="en_GB">Njoy N7 PVR Client</summary>
    <summary lang="en_NZ">Njoy N7 PVR Client</summary>
    <summary lang="en_US">Njoy N7 PVR Client</summary>
    <summary lang="es_AR">Cliente PVR Njoy N7</summary>
    <summary lang="es_ES">Cliente PVR Njoy N7</summary>
    <summary lang="es_MX">Cliente Njoy N7 PVR</summary>
    <summary lang="et_EE">Njoy N7 PVR klient</summary>
    <summary lang="fi_FI">Njoy N7:n PVR-asiakas</summary>
    <summary lang="fr_CA">Client numériscope Njoy N7</summary>
    <summary lang="fr_FR">Client PVR Njoy N7</summary>
    <summary lang="gl_ES">Cliente PVR de Njoy N7</summary>
    <summary lang="he_IL">לקוח טלוויזיה חיה עבור Njoy N7</summary>
    <summary lang="hr_HR">Njoy N7 PVR klijent</summary>
    <summary lang="hu_HU">Njoy N7 PVR ügyfél</summary>
    <summary lang="id_ID">Klien Njoy N7 PVR</summary>
    <summary lang="is_IS">Njoy N7 Upptökubiðlari (PVR Client)</summary>
    <summary lang="it_IT">Client PVR Njoy N7</summary>
    <summary lang="ja_JP">Njoy N7 PVR クライアント</summary>
    <summary lang="ko_KR">Njoy N7 PVR 클라이언트</summary>
    <summary lang="lt_LT">Njoy N7 PVR klientas</summary>
    <summary lang="lv_LV">Njoy N7 PVR klients</summary>
    <summary lang="mk_MK"> Njoy N7 PVR клиент</summary>
    <summary lang="ms_MY">Klien PVR Njoy N7</summary>
    <summary lang="my_MM">Njoy N7 PVR Client</summary>
    <summary lang="nb_NO">Njoy N7 PVR Klient</summary>
    <summary lang="nl_NL">Njoy N7 PVR cliënt</summary>
    <summary lang="pl_PL">Klient TV dla Njoy N7</summary>
    <summary lang="pt_BR">Cliente de PVR Njoy N7</summary>
    <summary lang="pt_PT">Cliente PVR Njoy N7</summary>
    <summary lang="ro_RO">Client PVR Njoy N7</summary>
    <summary lang="ru_RU">Njoy N7 PVR Клиент</summary>
    <summary lang="si_LK">Njoy N7 PVR සේවාග්‍රාහකයා </summary>
    <summary lang="sk_SK">Njoy N7 PVR Klient</summary>
    <summary lang="sl_SI">Odjemalec PVR Njoy N7</summary>
    <summary lang="sr_RS">PVR клијент Njoy N7</summary>
    <summary lang="sr_RS@latin">PVR клијент Njoy N7</summary>
    <summary lang="sv_SE">Njoy N7 PVR Klient</summary>
    <summary lang="tg_TJ">Муштарии Njoy N7 PVR</summary>
    <summary lang="th_TH">Njoy N7 PVR Client</summary>
    <summary lang="tr_TR">Njoy N7 PVR İstemcisi</summary>
    <summary lang="uk_UA">Клієнт Njoy N7 для PVR</summary>
    <summary lang="vi_VN">Phần mềm PVR cho Njoy N7</summary>
    <summary lang="zh_CN">Njoy N7 PVR 客户端</summary>
    <summary lang="zh_TW">Njoy N7 PVR 用戶端</summary>
    <platform>all</platform>
  </extension>
</addon>
