<?xml version="1.0" encoding="UTF-8"?>
<addon
  id="audiodecoder.ym"
  version="1.0.1"
  name="YM Audio Decoder"
  provider-name="spiff">
  <requires>
    <import addon="kodi.audiodecoder" version="1.0.0"/>
  </requires>
  <extension
    point="kodi.audiodecoder"
    name="ym"
    extension=".ym"
    tags="true"
    library_linux="audiodecoder.stsound.so"
    library_osx="audiodecoder.stsound.dylib"
    library_freebsd="audiodecoder.stsound.so"
    library_windx="audiodecoder.stsound.dll"
    library_android="libaudiodecoder.stsound.so"/>
  <extension point="xbmc.addon.metadata">
    <summary lang="en">YM (spectrum) Audio Decoder</summary>
    <description lang="en">YM (spectrum) Audio Decoder</description>
    <platform>all</platform>
  </extension>
</addon>
