﻿<?xml version="1.0" encoding="UTF-8" standalone="yes"?>
<addon id="metadata.common.theaudiodb.com"
       name="TheAudioDb Scraper Library"
       version="1.8.1"
       provider-name="XBMC Foundation">
  <requires>
    <import addon="xbmc.metadata" version="2.1.0"/>
  </requires>
  <extension point="xbmc.metadata.scraper.library"
             library="tadb.xml"/>
  <extension point="xbmc.addon.metadata">
    <platform>all</platform>
    <summary lang="bg">Библиотека за сваляне на музикална инф. от TheAudioDb</summary>
    <summary lang="en">TheAudioDb Music Scraper Library</summary>
    <summary lang="de">Musik-Scraper für TheAudioDb.org</summary>
    <summary lang="es">Scraper de música de TheAudioDb</summary>
    <summary lang="fi">TheAudioDb musiikkitietojen lataajan kirjasto</summary>
    <summary lang="fr">Scraper TheAudioDb pour la musique</summary>
    <summary lang="hu">TheAudioDb zenei adat leolvasó</summary>
    <summary lang="nl">TheAudioDb-scraperfuncties</summary>
    <summary lang="pl">Scraper muzyki TheAudioDb</summary>
    <summary lang="pt">Scraper de música TheAudioDb</summary>
    <summary lang="ro">Bibliotecă catalog de muzică TheAudioDb</summary>
    <summary lang="ru">Музыкальная Информация TheAudioDb</summary>
    <summary lang="se">Skrapa för TheAudioDb.org</summary>
    <summary lang="zh">TheAudioDb音乐刮削器代码库</summary>
    <description lang="bg">Извлича инф. за музикални файлове от www.theaudiodb.com</description>
    <description lang="en">Download Music information from www.theaudiodb.com</description>
    <description lang="de">Downloade Musik Informationen von www.theaudiodb.com</description>
    <description lang="es">Descarga información musical de www.theaudiodb.com</description>
    <description lang="fi">Lataa musiikkitietoja osoitteesta www.theaudiodb.com</description>
    <description lang="fr">Télécharger les infos musicales depuis www.theaudiodb.com</description>
    <description lang="hu">Zene információk letöltése a www.theaudiodb.com webhelyről</description>
    <description lang="nl">Muziekinformatie ophalen van www.theaudiodb.com</description>
    <description lang="pl">Pobieraj informacje o muzyce z www.theaudiodb.com</description>
    <description lang="pt">Descarregar informação de música de www.theaudiodb.com</description>
    <description lang="ro">Descărcați informații muzică de pe www.theaudiodb.com</description>
    <description lang="ru">Загружать информацию о Музыке с www.theaudiodb.com</description>
    <description lang="se">Ladda ner musikinformation från www.theaudiodb.com</description>
    <description lang="zh">从www.theaudiodb.com下载音乐信息</description>
  </extension>
</addon>
