<?xml version="1.0" encoding="UTF-8"?>
<addon id="resource.uisounds.confluence" version="1.0.0" name="Confluence UI Sounds" provider-name="Team Kodi">
  <requires>
    <import addon="kodi.resource" version="1.0.0"/>
  </requires>
  <extension point="kodi.resource.uisounds"/>
  <extension point="kodi.addon.metadata">
    <summary lang="en">Confluence GUI sounds</summary>
    <description lang="en">Confluence GUI sounds</description>
    <platform>all</platform>
  </extension>
</addon>
