<?xml version="1.0" encoding="UTF-8"?>
<addon
  id="audiodecoder.nosefart"
  version="1.0.1"
  name="Nosefart Audio Decoder"
  provider-name="spiff">
  <requires>
    <import addon="kodi.audiodecoder" version="1.0.0"/>
  </requires>
  <extension
    point="kodi.audiodecoder"
    name="nsf"
    tags="true"
    tracks="true"
    extension=".nsf|.nsfstream"
    library_linux="audiodecoder.nosefart.so"
    library_osx="audiodecoder.nosefart.dylib"
    library_freebsd="audiodecoder.nosefart.so"
    library_windx="audiodecoder.nosefart.dll"
    library_android="libaudiodecoder.nosefart.so"/>
  <extension point="xbmc.addon.metadata">
    <summary lang="en">Nosefart (NSF) Audio Decoder</summary>
    <description lang="en">Nosefart (NSF) Audio Decoder</description>
    <platform>all</platform>
  </extension>
</addon>
